index,predicted_label,true_label
0,airplane,airplane
1,airplane,airplane
2,airplane,airplane
3,airplane,airplane
4,airplane,airplane
5,airplane,airplane
6,airplane,airplane
7,airplane,airplane
8,airplane,airplane
9,airplane,airplane
10,airplane,airplane
11,airplane,airplane
12,airplane,airplane
13,airplane,airplane
14,airplane,airplane
15,airplane,airplane
16,airplane,airplane
17,airplane,airplane
18,airplane,airplane
19,airplane,airplane
20,airplane,airplane
21,airplane,airplane
22,airplane,airplane
23,airplane,airplane
24,airplane,airplane
25,airplane,airplane
26,airplane,airplane
27,airplane,airplane
28,airplane,airplane
29,airplane,airplane
30,airplane,airplane
31,airplane,airplane
32,airplane,airplane
33,airplane,airplane
34,airplane,airplane
35,airplane,airplane
36,airplane,airplane
37,airplane,airplane
38,airplane,airplane
39,airplane,airplane
40,airplane,airplane
41,airplane,airplane
42,airplane,airplane
43,airplane,airplane
44,airplane,airplane
45,airplane,airplane
46,airplane,airplane
47,airplane,airplane
48,airplane,airplane
49,airplane,airplane
50,airplane,airplane
51,airplane,airplane
52,airplane,airplane
53,airplane,airplane
54,airplane,airplane
55,airplane,airplane
56,airplane,airplane
57,airplane,airplane
58,airplane,airplane
59,airplane,airplane
60,airplane,airplane
61,airplane,airplane
62,airplane,airplane
63,airplane,airplane
64,airplane,airplane
65,airplane,airplane
66,airplane,airplane
67,airplane,airplane
68,airplane,airplane
69,airplane,airplane
70,airplane,airplane
71,airplane,airplane
72,airplane,airplane
73,airplane,airplane
74,airplane,airplane
75,airplane,airplane
76,airplane,airplane
77,airplane,airplane
78,airplane,airplane
79,airplane,airplane
80,airplane,airplane
81,airplane,airplane
82,airplane,airplane
83,airplane,airplane
84,airplane,airplane
85,airplane,airplane
86,airplane,airplane
87,airplane,airplane
88,airplane,airplane
89,airplane,airplane
90,airplane,airplane
91,airplane,airplane
92,airplane,airplane
93,airplane,airplane
94,airplane,airplane
95,airplane,airplane
96,airplane,airplane
97,airplane,airplane
98,airplane,airplane
99,airplane,airplane
100,bathtub,bathtub
101,bathtub,bathtub
102,bathtub,bathtub
103,bathtub,bathtub
104,bathtub,bathtub
105,bathtub,bathtub
106,bathtub,bathtub
107,bathtub,bathtub
108,bathtub,bathtub
109,bathtub,bathtub
110,bowl,bathtub
111,bathtub,bathtub
112,bathtub,bathtub
113,bathtub,bathtub
114,bathtub,bathtub
115,bathtub,bathtub
116,bathtub,bathtub
117,bathtub,bathtub
118,bathtub,bathtub
119,bathtub,bathtub
120,bowl,bathtub
121,bathtub,bathtub
122,bathtub,bathtub
123,bathtub,bathtub
124,bathtub,bathtub
125,bathtub,bathtub
126,bathtub,bathtub
127,bathtub,bathtub
128,bathtub,bathtub
129,bathtub,bathtub
130,bathtub,bathtub
131,bathtub,bathtub
132,bathtub,bathtub
133,bathtub,bathtub
134,bathtub,bathtub
135,bathtub,bathtub
136,bathtub,bathtub
137,bathtub,bathtub
138,bathtub,bathtub
139,bathtub,bathtub
140,bathtub,bathtub
141,bathtub,bathtub
142,bathtub,bathtub
143,bathtub,bathtub
144,bathtub,bathtub
145,bathtub,bathtub
146,bathtub,bathtub
147,bathtub,bathtub
148,bathtub,bathtub
149,bathtub,bathtub
150,bed,bed
151,bed,bed
152,bed,bed
153,bed,bed
154,bed,bed
155,bed,bed
156,bed,bed
157,bed,bed
158,bed,bed
159,bed,bed
160,bed,bed
161,bed,bed
162,bed,bed
163,bed,bed
164,bed,bed
165,bed,bed
166,bed,bed
167,bed,bed
168,bed,bed
169,bed,bed
170,bed,bed
171,bed,bed
172,bed,bed
173,bed,bed
174,bed,bed
175,bed,bed
176,bed,bed
177,bed,bed
178,bed,bed
179,bed,bed
180,bed,bed
181,bed,bed
182,bed,bed
183,bed,bed
184,bed,bed
185,bed,bed
186,bed,bed
187,bed,bed
188,bed,bed
189,bed,bed
190,bed,bed
191,bed,bed
192,bed,bed
193,bed,bed
194,bed,bed
195,bed,bed
196,bed,bed
197,bed,bed
198,bed,bed
199,bed,bed
200,bed,bed
201,bed,bed
202,bed,bed
203,bed,bed
204,bed,bed
205,bed,bed
206,bed,bed
207,bed,bed
208,bed,bed
209,bed,bed
210,bed,bed
211,bed,bed
212,bed,bed
213,bed,bed
214,bed,bed
215,bed,bed
216,bed,bed
217,bed,bed
218,bed,bed
219,bed,bed
220,bed,bed
221,bed,bed
222,bed,bed
223,bed,bed
224,bed,bed
225,bed,bed
226,bed,bed
227,bed,bed
228,bed,bed
229,bed,bed
230,bed,bed
231,bed,bed
232,bed,bed
233,bed,bed
234,bed,bed
235,bed,bed
236,bed,bed
237,bed,bed
238,bed,bed
239,bed,bed
240,bed,bed
241,bed,bed
242,bed,bed
243,bed,bed
244,bed,bed
245,bed,bed
246,bed,bed
247,bed,bed
248,bed,bed
249,bed,bed
250,bench,bench
251,tv_stand,bench
252,bench,bench
253,bench,bench
254,bench,bench
255,bench,bench
256,bookshelf,bench
257,bench,bench
258,bench,bench
259,bench,bench
260,table,bench
261,bench,bench
262,bench,bench
263,bench,bench
264,table,bench
265,bench,bench
266,bench,bench
267,sofa,bench
268,bench,bench
269,curtain,bench
270,bookshelf,bookshelf
271,bookshelf,bookshelf
272,bookshelf,bookshelf
273,bookshelf,bookshelf
274,bookshelf,bookshelf
275,bookshelf,bookshelf
276,bookshelf,bookshelf
277,tv_stand,bookshelf
278,bookshelf,bookshelf
279,bookshelf,bookshelf
280,bookshelf,bookshelf
281,bookshelf,bookshelf
282,bookshelf,bookshelf
283,bookshelf,bookshelf
284,bookshelf,bookshelf
285,bookshelf,bookshelf
286,night_stand,bookshelf
287,bookshelf,bookshelf
288,bookshelf,bookshelf
289,door,bookshelf
290,bookshelf,bookshelf
291,bookshelf,bookshelf
292,bookshelf,bookshelf
293,bookshelf,bookshelf
294,bookshelf,bookshelf
295,bookshelf,bookshelf
296,bookshelf,bookshelf
297,bookshelf,bookshelf
298,bookshelf,bookshelf
299,bookshelf,bookshelf
300,bookshelf,bookshelf
301,bookshelf,bookshelf
302,bookshelf,bookshelf
303,bookshelf,bookshelf
304,bookshelf,bookshelf
305,bookshelf,bookshelf
306,bookshelf,bookshelf
307,bookshelf,bookshelf
308,bookshelf,bookshelf
309,bookshelf,bookshelf
310,bookshelf,bookshelf
311,bookshelf,bookshelf
312,bookshelf,bookshelf
313,bookshelf,bookshelf
314,bookshelf,bookshelf
315,bookshelf,bookshelf
316,bookshelf,bookshelf
317,bookshelf,bookshelf
318,bookshelf,bookshelf
319,bookshelf,bookshelf
320,bookshelf,bookshelf
321,bookshelf,bookshelf
322,bookshelf,bookshelf
323,bookshelf,bookshelf
324,bookshelf,bookshelf
325,bookshelf,bookshelf
326,bookshelf,bookshelf
327,bookshelf,bookshelf
328,wardrobe,bookshelf
329,bookshelf,bookshelf
330,bookshelf,bookshelf
331,bookshelf,bookshelf
332,bookshelf,bookshelf
333,bookshelf,bookshelf
334,bookshelf,bookshelf
335,bookshelf,bookshelf
336,bookshelf,bookshelf
337,bookshelf,bookshelf
338,bookshelf,bookshelf
339,bookshelf,bookshelf
340,bookshelf,bookshelf
341,bookshelf,bookshelf
342,bookshelf,bookshelf
343,bookshelf,bookshelf
344,bookshelf,bookshelf
345,bookshelf,bookshelf
346,bookshelf,bookshelf
347,bookshelf,bookshelf
348,bookshelf,bookshelf
349,bookshelf,bookshelf
350,bookshelf,bookshelf
351,bookshelf,bookshelf
352,bookshelf,bookshelf
353,bookshelf,bookshelf
354,bookshelf,bookshelf
355,bookshelf,bookshelf
356,bookshelf,bookshelf
357,bookshelf,bookshelf
358,bookshelf,bookshelf
359,bookshelf,bookshelf
360,bookshelf,bookshelf
361,bookshelf,bookshelf
362,bookshelf,bookshelf
363,bookshelf,bookshelf
364,bookshelf,bookshelf
365,bookshelf,bookshelf
366,bookshelf,bookshelf
367,bookshelf,bookshelf
368,bookshelf,bookshelf
369,bookshelf,bookshelf
370,bottle,bottle
371,bottle,bottle
372,bottle,bottle
373,bottle,bottle
374,bottle,bottle
375,bottle,bottle
376,bottle,bottle
377,bottle,bottle
378,bottle,bottle
379,bottle,bottle
380,bottle,bottle
381,bottle,bottle
382,bottle,bottle
383,bottle,bottle
384,bottle,bottle
385,vase,bottle
386,bottle,bottle
387,bottle,bottle
388,bottle,bottle
389,bottle,bottle
390,bottle,bottle
391,bottle,bottle
392,bottle,bottle
393,bottle,bottle
394,bottle,bottle
395,bottle,bottle
396,bottle,bottle
397,bottle,bottle
398,bottle,bottle
399,bottle,bottle
400,bottle,bottle
401,bottle,bottle
402,bottle,bottle
403,bottle,bottle
404,bottle,bottle
405,bottle,bottle
406,bottle,bottle
407,bottle,bottle
408,bottle,bottle
409,vase,bottle
410,bottle,bottle
411,bottle,bottle
412,bottle,bottle
413,bottle,bottle
414,bottle,bottle
415,bottle,bottle
416,bottle,bottle
417,bottle,bottle
418,bottle,bottle
419,bottle,bottle
420,bottle,bottle
421,bottle,bottle
422,bottle,bottle
423,bottle,bottle
424,bottle,bottle
425,bottle,bottle
426,bottle,bottle
427,bottle,bottle
428,bottle,bottle
429,bottle,bottle
430,bottle,bottle
431,bottle,bottle
432,bottle,bottle
433,bottle,bottle
434,bottle,bottle
435,bottle,bottle
436,bottle,bottle
437,bottle,bottle
438,bottle,bottle
439,bottle,bottle
440,bottle,bottle
441,bottle,bottle
442,bottle,bottle
443,bottle,bottle
444,bottle,bottle
445,bottle,bottle
446,bottle,bottle
447,bottle,bottle
448,bottle,bottle
449,bottle,bottle
450,bottle,bottle
451,bottle,bottle
452,bottle,bottle
453,bottle,bottle
454,bottle,bottle
455,bottle,bottle
456,bottle,bottle
457,bottle,bottle
458,bottle,bottle
459,bottle,bottle
460,bottle,bottle
461,bottle,bottle
462,bottle,bottle
463,bottle,bottle
464,bottle,bottle
465,bottle,bottle
466,bottle,bottle
467,bottle,bottle
468,vase,bottle
469,vase,bottle
470,bowl,bowl
471,bowl,bowl
472,bowl,bowl
473,bowl,bowl
474,bowl,bowl
475,bowl,bowl
476,bowl,bowl
477,bowl,bowl
478,bowl,bowl
479,vase,bowl
480,bowl,bowl
481,bowl,bowl
482,bowl,bowl
483,bowl,bowl
484,bowl,bowl
485,bowl,bowl
486,bowl,bowl
487,vase,bowl
488,bowl,bowl
489,bowl,bowl
490,car,car
491,car,car
492,car,car
493,car,car
494,car,car
495,car,car
496,car,car
497,car,car
498,car,car
499,car,car
500,car,car
501,car,car
502,car,car
503,car,car
504,car,car
505,car,car
506,car,car
507,car,car
508,car,car
509,car,car
510,car,car
511,car,car
512,car,car
513,car,car
514,car,car
515,car,car
516,car,car
517,car,car
518,car,car
519,car,car
520,car,car
521,car,car
522,car,car
523,car,car
524,car,car
525,car,car
526,car,car
527,car,car
528,car,car
529,car,car
530,car,car
531,car,car
532,car,car
533,car,car
534,car,car
535,car,car
536,car,car
537,car,car
538,car,car
539,car,car
540,car,car
541,car,car
542,car,car
543,car,car
544,car,car
545,car,car
546,car,car
547,car,car
548,car,car
549,car,car
550,car,car
551,car,car
552,car,car
553,car,car
554,car,car
555,car,car
556,car,car
557,car,car
558,car,car
559,car,car
560,car,car
561,car,car
562,car,car
563,car,car
564,car,car
565,car,car
566,car,car
567,car,car
568,car,car
569,car,car
570,car,car
571,car,car
572,car,car
573,car,car
574,car,car
575,car,car
576,car,car
577,car,car
578,car,car
579,car,car
580,car,car
581,car,car
582,car,car
583,car,car
584,car,car
585,car,car
586,car,car
587,car,car
588,car,car
589,car,car
590,chair,chair
591,chair,chair
592,chair,chair
593,chair,chair
594,chair,chair
595,chair,chair
596,chair,chair
597,chair,chair
598,chair,chair
599,chair,chair
600,chair,chair
601,chair,chair
602,chair,chair
603,chair,chair
604,chair,chair
605,chair,chair
606,chair,chair
607,stool,chair
608,chair,chair
609,chair,chair
610,chair,chair
611,chair,chair
612,chair,chair
613,chair,chair
614,chair,chair
615,bench,chair
616,chair,chair
617,chair,chair
618,chair,chair
619,chair,chair
620,stool,chair
621,chair,chair
622,chair,chair
623,chair,chair
624,chair,chair
625,chair,chair
626,chair,chair
627,chair,chair
628,chair,chair
629,chair,chair
630,chair,chair
631,chair,chair
632,chair,chair
633,chair,chair
634,chair,chair
635,chair,chair
636,chair,chair
637,chair,chair
638,chair,chair
639,chair,chair
640,chair,chair
641,chair,chair
642,chair,chair
643,chair,chair
644,chair,chair
645,chair,chair
646,chair,chair
647,chair,chair
648,chair,chair
649,chair,chair
650,chair,chair
651,chair,chair
652,chair,chair
653,chair,chair
654,chair,chair
655,chair,chair
656,chair,chair
657,chair,chair
658,chair,chair
659,chair,chair
660,chair,chair
661,chair,chair
662,chair,chair
663,chair,chair
664,chair,chair
665,chair,chair
666,chair,chair
667,chair,chair
668,chair,chair
669,chair,chair
670,chair,chair
671,chair,chair
672,chair,chair
673,chair,chair
674,chair,chair
675,chair,chair
676,chair,chair
677,chair,chair
678,chair,chair
679,chair,chair
680,chair,chair
681,chair,chair
682,chair,chair
683,chair,chair
684,chair,chair
685,chair,chair
686,chair,chair
687,chair,chair
688,chair,chair
689,chair,chair
690,cone,cone
691,cone,cone
692,cone,cone
693,cone,cone
694,cone,cone
695,bottle,cone
696,cone,cone
697,cone,cone
698,tent,cone
699,cone,cone
700,cone,cone
701,cone,cone
702,cone,cone
703,cone,cone
704,cone,cone
705,cone,cone
706,cone,cone
707,cone,cone
708,cone,cone
709,cone,cone
710,cup,cup
711,vase,cup
712,cup,cup
713,bowl,cup
714,cup,cup
715,cup,cup
716,cup,cup
717,cup,cup
718,vase,cup
719,cup,cup
720,vase,cup
721,cup,cup
722,cup,cup
723,vase,cup
724,cup,cup
725,cup,cup
726,cup,cup
727,cup,cup
728,cup,cup
729,cup,cup
730,curtain,curtain
731,curtain,curtain
732,curtain,curtain
733,curtain,curtain
734,curtain,curtain
735,curtain,curtain
736,curtain,curtain
737,curtain,curtain
738,curtain,curtain
739,curtain,curtain
740,door,curtain
741,curtain,curtain
742,curtain,curtain
743,curtain,curtain
744,curtain,curtain
745,curtain,curtain
746,curtain,curtain
747,curtain,curtain
748,curtain,curtain
749,curtain,curtain
750,desk,desk
751,table,desk
752,desk,desk
753,desk,desk
754,desk,desk
755,desk,desk
756,piano,desk
757,desk,desk
758,desk,desk
759,desk,desk
760,desk,desk
761,desk,desk
762,desk,desk
763,desk,desk
764,desk,desk
765,desk,desk
766,desk,desk
767,desk,desk
768,desk,desk
769,desk,desk
770,desk,desk
771,desk,desk
772,desk,desk
773,desk,desk
774,desk,desk
775,desk,desk
776,desk,desk
777,desk,desk
778,desk,desk
779,desk,desk
780,desk,desk
781,desk,desk
782,desk,desk
783,desk,desk
784,desk,desk
785,desk,desk
786,desk,desk
787,desk,desk
788,desk,desk
789,desk,desk
790,desk,desk
791,table,desk
792,sofa,desk
793,desk,desk
794,desk,desk
795,desk,desk
796,desk,desk
797,desk,desk
798,desk,desk
799,desk,desk
800,table,desk
801,desk,desk
802,desk,desk
803,desk,desk
804,desk,desk
805,desk,desk
806,desk,desk
807,desk,desk
808,desk,desk
809,desk,desk
810,desk,desk
811,desk,desk
812,desk,desk
813,desk,desk
814,night_stand,desk
815,desk,desk
816,desk,desk
817,night_stand,desk
818,desk,desk
819,desk,desk
820,desk,desk
821,desk,desk
822,desk,desk
823,desk,desk
824,desk,desk
825,desk,desk
826,desk,desk
827,desk,desk
828,desk,desk
829,desk,desk
830,desk,desk
831,desk,desk
832,desk,desk
833,desk,desk
834,desk,desk
835,desk,desk
836,door,door
837,door,door
838,door,door
839,door,door
840,door,door
841,curtain,door
842,door,door
843,door,door
844,door,door
845,door,door
846,door,door
847,door,door
848,door,door
849,door,door
850,door,door
851,door,door
852,door,door
853,door,door
854,door,door
855,door,door
856,dresser,dresser
857,dresser,dresser
858,dresser,dresser
859,dresser,dresser
860,dresser,dresser
861,dresser,dresser
862,dresser,dresser
863,dresser,dresser
864,dresser,dresser
865,dresser,dresser
866,dresser,dresser
867,night_stand,dresser
868,dresser,dresser
869,dresser,dresser
870,dresser,dresser
871,dresser,dresser
872,dresser,dresser
873,dresser,dresser
874,dresser,dresser
875,dresser,dresser
876,dresser,dresser
877,dresser,dresser
878,dresser,dresser
879,dresser,dresser
880,dresser,dresser
881,dresser,dresser
882,dresser,dresser
883,dresser,dresser
884,dresser,dresser
885,dresser,dresser
886,dresser,dresser
887,dresser,dresser
888,dresser,dresser
889,dresser,dresser
890,night_stand,dresser
891,night_stand,dresser
892,dresser,dresser
893,dresser,dresser
894,dresser,dresser
895,dresser,dresser
896,dresser,dresser
897,dresser,dresser
898,dresser,dresser
899,dresser,dresser
900,dresser,dresser
901,night_stand,dresser
902,dresser,dresser
903,dresser,dresser
904,dresser,dresser
905,night_stand,dresser
906,dresser,dresser
907,dresser,dresser
908,dresser,dresser
909,dresser,dresser
910,dresser,dresser
911,dresser,dresser
912,dresser,dresser
913,dresser,dresser
914,dresser,dresser
915,dresser,dresser
916,dresser,dresser
917,dresser,dresser
918,dresser,dresser
919,dresser,dresser
920,dresser,dresser
921,dresser,dresser
922,dresser,dresser
923,dresser,dresser
924,dresser,dresser
925,dresser,dresser
926,dresser,dresser
927,night_stand,dresser
928,night_stand,dresser
929,dresser,dresser
930,dresser,dresser
931,dresser,dresser
932,dresser,dresser
933,dresser,dresser
934,dresser,dresser
935,dresser,dresser
936,dresser,dresser
937,dresser,dresser
938,dresser,dresser
939,dresser,dresser
940,night_stand,dresser
941,dresser,dresser
942,plant,flower_pot
943,plant,flower_pot
944,plant,flower_pot
945,vase,flower_pot
946,plant,flower_pot
947,vase,flower_pot
948,plant,flower_pot
949,plant,flower_pot
950,plant,flower_pot
951,vase,flower_pot
952,vase,flower_pot
953,plant,flower_pot
954,cup,flower_pot
955,vase,flower_pot
956,plant,flower_pot
957,plant,flower_pot
958,plant,flower_pot
959,flower_pot,flower_pot
960,plant,flower_pot
961,plant,flower_pot
962,glass_box,glass_box
963,glass_box,glass_box
964,glass_box,glass_box
965,glass_box,glass_box
966,glass_box,glass_box
967,glass_box,glass_box
968,glass_box,glass_box
969,glass_box,glass_box
970,glass_box,glass_box
971,glass_box,glass_box
972,door,glass_box
973,night_stand,glass_box
974,glass_box,glass_box
975,glass_box,glass_box
976,glass_box,glass_box
977,glass_box,glass_box
978,tent,glass_box
979,glass_box,glass_box
980,glass_box,glass_box
981,glass_box,glass_box
982,glass_box,glass_box
983,glass_box,glass_box
984,glass_box,glass_box
985,glass_box,glass_box
986,glass_box,glass_box
987,glass_box,glass_box
988,glass_box,glass_box
989,glass_box,glass_box
990,glass_box,glass_box
991,glass_box,glass_box
992,glass_box,glass_box
993,glass_box,glass_box
994,glass_box,glass_box
995,glass_box,glass_box
996,glass_box,glass_box
997,glass_box,glass_box
998,glass_box,glass_box
999,glass_box,glass_box
1000,glass_box,glass_box
1001,glass_box,glass_box
1002,glass_box,glass_box
1003,glass_box,glass_box
1004,glass_box,glass_box
1005,glass_box,glass_box
1006,glass_box,glass_box
1007,glass_box,glass_box
1008,glass_box,glass_box
1009,glass_box,glass_box
1010,glass_box,glass_box
1011,glass_box,glass_box
1012,glass_box,glass_box
1013,glass_box,glass_box
1014,glass_box,glass_box
1015,glass_box,glass_box
1016,glass_box,glass_box
1017,glass_box,glass_box
1018,glass_box,glass_box
1019,glass_box,glass_box
1020,glass_box,glass_box
1021,glass_box,glass_box
1022,glass_box,glass_box
1023,glass_box,glass_box
1024,glass_box,glass_box
1025,glass_box,glass_box
1026,glass_box,glass_box
1027,glass_box,glass_box
1028,glass_box,glass_box
1029,glass_box,glass_box
1030,glass_box,glass_box
1031,glass_box,glass_box
1032,glass_box,glass_box
1033,tent,glass_box
1034,glass_box,glass_box
1035,glass_box,glass_box
1036,glass_box,glass_box
1037,glass_box,glass_box
1038,glass_box,glass_box
1039,glass_box,glass_box
1040,glass_box,glass_box
1041,glass_box,glass_box
1042,glass_box,glass_box
1043,glass_box,glass_box
1044,glass_box,glass_box
1045,glass_box,glass_box
1046,glass_box,glass_box
1047,glass_box,glass_box
1048,glass_box,glass_box
1049,glass_box,glass_box
1050,glass_box,glass_box
1051,glass_box,glass_box
1052,glass_box,glass_box
1053,glass_box,glass_box
1054,glass_box,glass_box
1055,glass_box,glass_box
1056,glass_box,glass_box
1057,dresser,glass_box
1058,glass_box,glass_box
1059,glass_box,glass_box
1060,glass_box,glass_box
1061,glass_box,glass_box
1062,guitar,guitar
1063,guitar,guitar
1064,guitar,guitar
1065,guitar,guitar
1066,guitar,guitar
1067,guitar,guitar
1068,guitar,guitar
1069,guitar,guitar
1070,guitar,guitar
1071,guitar,guitar
1072,guitar,guitar
1073,guitar,guitar
1074,guitar,guitar
1075,guitar,guitar
1076,guitar,guitar
1077,guitar,guitar
1078,guitar,guitar
1079,guitar,guitar
1080,guitar,guitar
1081,guitar,guitar
1082,guitar,guitar
1083,guitar,guitar
1084,guitar,guitar
1085,guitar,guitar
1086,guitar,guitar
1087,guitar,guitar
1088,guitar,guitar
1089,guitar,guitar
1090,guitar,guitar
1091,guitar,guitar
1092,guitar,guitar
1093,guitar,guitar
1094,guitar,guitar
1095,guitar,guitar
1096,guitar,guitar
1097,keyboard,guitar
1098,guitar,guitar
1099,guitar,guitar
1100,guitar,guitar
1101,guitar,guitar
1102,guitar,guitar
1103,guitar,guitar
1104,guitar,guitar
1105,guitar,guitar
1106,guitar,guitar
1107,guitar,guitar
1108,guitar,guitar
1109,guitar,guitar
1110,guitar,guitar
1111,guitar,guitar
1112,guitar,guitar
1113,guitar,guitar
1114,guitar,guitar
1115,guitar,guitar
1116,guitar,guitar
1117,guitar,guitar
1118,guitar,guitar
1119,guitar,guitar
1120,guitar,guitar
1121,guitar,guitar
1122,guitar,guitar
1123,guitar,guitar
1124,guitar,guitar
1125,guitar,guitar
1126,guitar,guitar
1127,guitar,guitar
1128,guitar,guitar
1129,guitar,guitar
1130,guitar,guitar
1131,guitar,guitar
1132,guitar,guitar
1133,guitar,guitar
1134,guitar,guitar
1135,guitar,guitar
1136,guitar,guitar
1137,guitar,guitar
1138,guitar,guitar
1139,guitar,guitar
1140,guitar,guitar
1141,guitar,guitar
1142,guitar,guitar
1143,guitar,guitar
1144,guitar,guitar
1145,guitar,guitar
1146,guitar,guitar
1147,guitar,guitar
1148,guitar,guitar
1149,guitar,guitar
1150,guitar,guitar
1151,guitar,guitar
1152,guitar,guitar
1153,guitar,guitar
1154,guitar,guitar
1155,guitar,guitar
1156,guitar,guitar
1157,guitar,guitar
1158,guitar,guitar
1159,guitar,guitar
1160,guitar,guitar
1161,guitar,guitar
1162,keyboard,keyboard
1163,keyboard,keyboard
1164,keyboard,keyboard
1165,keyboard,keyboard
1166,keyboard,keyboard
1167,keyboard,keyboard
1168,keyboard,keyboard
1169,keyboard,keyboard
1170,keyboard,keyboard
1171,keyboard,keyboard
1172,keyboard,keyboard
1173,keyboard,keyboard
1174,keyboard,keyboard
1175,keyboard,keyboard
1176,keyboard,keyboard
1177,keyboard,keyboard
1178,keyboard,keyboard
1179,keyboard,keyboard
1180,keyboard,keyboard
1181,keyboard,keyboard
1182,lamp,lamp
1183,lamp,lamp
1184,lamp,lamp
1185,lamp,lamp
1186,vase,lamp
1187,wardrobe,lamp
1188,lamp,lamp
1189,lamp,lamp
1190,lamp,lamp
1191,lamp,lamp
1192,lamp,lamp
1193,lamp,lamp
1194,lamp,lamp
1195,lamp,lamp
1196,lamp,lamp
1197,lamp,lamp
1198,lamp,lamp
1199,lamp,lamp
1200,lamp,lamp
1201,lamp,lamp
1202,laptop,laptop
1203,laptop,laptop
1204,laptop,laptop
1205,laptop,laptop
1206,laptop,laptop
1207,laptop,laptop
1208,laptop,laptop
1209,laptop,laptop
1210,laptop,laptop
1211,laptop,laptop
1212,laptop,laptop
1213,laptop,laptop
1214,laptop,laptop
1215,laptop,laptop
1216,laptop,laptop
1217,laptop,laptop
1218,laptop,laptop
1219,laptop,laptop
1220,laptop,laptop
1221,laptop,laptop
1222,mantel,mantel
1223,mantel,mantel
1224,mantel,mantel
1225,mantel,mantel
1226,mantel,mantel
1227,mantel,mantel
1228,mantel,mantel
1229,mantel,mantel
1230,mantel,mantel
1231,mantel,mantel
1232,mantel,mantel
1233,mantel,mantel
1234,mantel,mantel
1235,mantel,mantel
1236,mantel,mantel
1237,mantel,mantel
1238,mantel,mantel
1239,mantel,mantel
1240,bookshelf,mantel
1241,mantel,mantel
1242,mantel,mantel
1243,mantel,mantel
1244,mantel,mantel
1245,mantel,mantel
1246,mantel,mantel
1247,mantel,mantel
1248,mantel,mantel
1249,mantel,mantel
1250,mantel,mantel
1251,mantel,mantel
1252,mantel,mantel
1253,mantel,mantel
1254,mantel,mantel
1255,mantel,mantel
1256,mantel,mantel
1257,monitor,mantel
1258,mantel,mantel
1259,mantel,mantel
1260,mantel,mantel
1261,mantel,mantel
1262,mantel,mantel
1263,mantel,mantel
1264,mantel,mantel
1265,mantel,mantel
1266,mantel,mantel
1267,mantel,mantel
1268,mantel,mantel
1269,mantel,mantel
1270,mantel,mantel
1271,mantel,mantel
1272,mantel,mantel
1273,mantel,mantel
1274,mantel,mantel
1275,mantel,mantel
1276,mantel,mantel
1277,mantel,mantel
1278,mantel,mantel
1279,mantel,mantel
1280,mantel,mantel
1281,mantel,mantel
1282,mantel,mantel
1283,mantel,mantel
1284,mantel,mantel
1285,mantel,mantel
1286,mantel,mantel
1287,mantel,mantel
1288,mantel,mantel
1289,mantel,mantel
1290,mantel,mantel
1291,mantel,mantel
1292,mantel,mantel
1293,mantel,mantel
1294,mantel,mantel
1295,mantel,mantel
1296,mantel,mantel
1297,mantel,mantel
1298,mantel,mantel
1299,mantel,mantel
1300,mantel,mantel
1301,mantel,mantel
1302,stool,mantel
1303,xbox,mantel
1304,mantel,mantel
1305,mantel,mantel
1306,mantel,mantel
1307,mantel,mantel
1308,mantel,mantel
1309,mantel,mantel
1310,mantel,mantel
1311,mantel,mantel
1312,mantel,mantel
1313,mantel,mantel
1314,mantel,mantel
1315,mantel,mantel
1316,mantel,mantel
1317,mantel,mantel
1318,mantel,mantel
1319,mantel,mantel
1320,mantel,mantel
1321,mantel,mantel
1322,monitor,monitor
1323,monitor,monitor
1324,monitor,monitor
1325,monitor,monitor
1326,monitor,monitor
1327,monitor,monitor
1328,monitor,monitor
1329,monitor,monitor
1330,monitor,monitor
1331,monitor,monitor
1332,monitor,monitor
1333,monitor,monitor
1334,monitor,monitor
1335,monitor,monitor
1336,monitor,monitor
1337,monitor,monitor
1338,monitor,monitor
1339,monitor,monitor
1340,monitor,monitor
1341,monitor,monitor
1342,monitor,monitor
1343,monitor,monitor
1344,monitor,monitor
1345,monitor,monitor
1346,monitor,monitor
1347,monitor,monitor
1348,monitor,monitor
1349,monitor,monitor
1350,monitor,monitor
1351,monitor,monitor
1352,monitor,monitor
1353,monitor,monitor
1354,monitor,monitor
1355,monitor,monitor
1356,laptop,monitor
1357,monitor,monitor
1358,monitor,monitor
1359,monitor,monitor
1360,monitor,monitor
1361,monitor,monitor
1362,dresser,monitor
1363,monitor,monitor
1364,monitor,monitor
1365,monitor,monitor
1366,monitor,monitor
1367,monitor,monitor
1368,monitor,monitor
1369,monitor,monitor
1370,monitor,monitor
1371,monitor,monitor
1372,monitor,monitor
1373,monitor,monitor
1374,monitor,monitor
1375,monitor,monitor
1376,monitor,monitor
1377,monitor,monitor
1378,monitor,monitor
1379,monitor,monitor
1380,monitor,monitor
1381,monitor,monitor
1382,monitor,monitor
1383,monitor,monitor
1384,monitor,monitor
1385,monitor,monitor
1386,monitor,monitor
1387,monitor,monitor
1388,monitor,monitor
1389,monitor,monitor
1390,monitor,monitor
1391,monitor,monitor
1392,monitor,monitor
1393,monitor,monitor
1394,monitor,monitor
1395,monitor,monitor
1396,monitor,monitor
1397,monitor,monitor
1398,monitor,monitor
1399,monitor,monitor
1400,monitor,monitor
1401,monitor,monitor
1402,monitor,monitor
1403,monitor,monitor
1404,monitor,monitor
1405,monitor,monitor
1406,monitor,monitor
1407,monitor,monitor
1408,monitor,monitor
1409,monitor,monitor
1410,monitor,monitor
1411,monitor,monitor
1412,monitor,monitor
1413,monitor,monitor
1414,monitor,monitor
1415,monitor,monitor
1416,monitor,monitor
1417,monitor,monitor
1418,monitor,monitor
1419,monitor,monitor
1420,monitor,monitor
1421,monitor,monitor
1422,night_stand,night_stand
1423,night_stand,night_stand
1424,tv_stand,night_stand
1425,night_stand,night_stand
1426,night_stand,night_stand
1427,night_stand,night_stand
1428,night_stand,night_stand
1429,night_stand,night_stand
1430,night_stand,night_stand
1431,dresser,night_stand
1432,night_stand,night_stand
1433,stool,night_stand
1434,night_stand,night_stand
1435,night_stand,night_stand
1436,night_stand,night_stand
1437,night_stand,night_stand
1438,stool,night_stand
1439,night_stand,night_stand
1440,night_stand,night_stand
1441,dresser,night_stand
1442,dresser,night_stand
1443,night_stand,night_stand
1444,dresser,night_stand
1445,night_stand,night_stand
1446,night_stand,night_stand
1447,night_stand,night_stand
1448,night_stand,night_stand
1449,night_stand,night_stand
1450,night_stand,night_stand
1451,night_stand,night_stand
1452,night_stand,night_stand
1453,night_stand,night_stand
1454,glass_box,night_stand
1455,night_stand,night_stand
1456,night_stand,night_stand
1457,night_stand,night_stand
1458,night_stand,night_stand
1459,night_stand,night_stand
1460,night_stand,night_stand
1461,night_stand,night_stand
1462,night_stand,night_stand
1463,night_stand,night_stand
1464,night_stand,night_stand
1465,night_stand,night_stand
1466,night_stand,night_stand
1467,night_stand,night_stand
1468,dresser,night_stand
1469,night_stand,night_stand
1470,night_stand,night_stand
1471,table,night_stand
1472,night_stand,night_stand
1473,dresser,night_stand
1474,night_stand,night_stand
1475,glass_box,night_stand
1476,night_stand,night_stand
1477,night_stand,night_stand
1478,night_stand,night_stand
1479,night_stand,night_stand
1480,night_stand,night_stand
1481,night_stand,night_stand
1482,night_stand,night_stand
1483,night_stand,night_stand
1484,night_stand,night_stand
1485,night_stand,night_stand
1486,night_stand,night_stand
1487,dresser,night_stand
1488,night_stand,night_stand
1489,night_stand,night_stand
1490,night_stand,night_stand
1491,dresser,night_stand
1492,night_stand,night_stand
1493,night_stand,night_stand
1494,night_stand,night_stand
1495,dresser,night_stand
1496,night_stand,night_stand
1497,night_stand,night_stand
1498,dresser,night_stand
1499,night_stand,night_stand
1500,night_stand,night_stand
1501,night_stand,night_stand
1502,night_stand,night_stand
1503,table,night_stand
1504,table,night_stand
1505,night_stand,night_stand
1506,monitor,night_stand
1507,dresser,night_stand
1508,person,person
1509,person,person
1510,person,person
1511,person,person
1512,person,person
1513,person,person
1514,person,person
1515,person,person
1516,person,person
1517,person,person
1518,person,person
1519,person,person
1520,person,person
1521,person,person
1522,person,person
1523,person,person
1524,person,person
1525,person,person
1526,person,person
1527,person,person
1528,piano,piano
1529,piano,piano
1530,piano,piano
1531,piano,piano
1532,table,piano
1533,piano,piano
1534,piano,piano
1535,piano,piano
1536,piano,piano
1537,piano,piano
1538,piano,piano
1539,piano,piano
1540,piano,piano
1541,piano,piano
1542,piano,piano
1543,piano,piano
1544,piano,piano
1545,piano,piano
1546,piano,piano
1547,piano,piano
1548,piano,piano
1549,piano,piano
1550,piano,piano
1551,piano,piano
1552,piano,piano
1553,piano,piano
1554,piano,piano
1555,piano,piano
1556,piano,piano
1557,piano,piano
1558,piano,piano
1559,piano,piano
1560,piano,piano
1561,piano,piano
1562,piano,piano
1563,piano,piano
1564,piano,piano
1565,piano,piano
1566,piano,piano
1567,piano,piano
1568,cone,piano
1569,piano,piano
1570,piano,piano
1571,piano,piano
1572,piano,piano
1573,piano,piano
1574,piano,piano
1575,piano,piano
1576,piano,piano
1577,piano,piano
1578,piano,piano
1579,piano,piano
1580,piano,piano
1581,piano,piano
1582,piano,piano
1583,mantel,piano
1584,piano,piano
1585,piano,piano
1586,piano,piano
1587,piano,piano
1588,piano,piano
1589,piano,piano
1590,piano,piano
1591,piano,piano
1592,table,piano
1593,piano,piano
1594,bed,piano
1595,piano,piano
1596,piano,piano
1597,piano,piano
1598,piano,piano
1599,piano,piano
1600,piano,piano
1601,piano,piano
1602,piano,piano
1603,piano,piano
1604,piano,piano
1605,tent,piano
1606,piano,piano
1607,piano,piano
1608,piano,piano
1609,piano,piano
1610,piano,piano
1611,piano,piano
1612,piano,piano
1613,piano,piano
1614,piano,piano
1615,piano,piano
1616,piano,piano
1617,piano,piano
1618,bench,piano
1619,piano,piano
1620,piano,piano
1621,piano,piano
1622,piano,piano
1623,piano,piano
1624,piano,piano
1625,piano,piano
1626,piano,piano
1627,piano,piano
1628,plant,plant
1629,plant,plant
1630,plant,plant
1631,plant,plant
1632,plant,plant
1633,plant,plant
1634,plant,plant
1635,plant,plant
1636,plant,plant
1637,plant,plant
1638,plant,plant
1639,keyboard,plant
1640,plant,plant
1641,plant,plant
1642,plant,plant
1643,plant,plant
1644,plant,plant
1645,plant,plant
1646,plant,plant
1647,plant,plant
1648,plant,plant
1649,plant,plant
1650,plant,plant
1651,plant,plant
1652,plant,plant
1653,plant,plant
1654,plant,plant
1655,flower_pot,plant
1656,plant,plant
1657,plant,plant
1658,plant,plant
1659,plant,plant
1660,plant,plant
1661,plant,plant
1662,plant,plant
1663,plant,plant
1664,plant,plant
1665,plant,plant
1666,plant,plant
1667,plant,plant
1668,plant,plant
1669,plant,plant
1670,plant,plant
1671,plant,plant
1672,plant,plant
1673,lamp,plant
1674,plant,plant
1675,plant,plant
1676,plant,plant
1677,flower_pot,plant
1678,plant,plant
1679,plant,plant
1680,plant,plant
1681,plant,plant
1682,flower_pot,plant
1683,plant,plant
1684,plant,plant
1685,plant,plant
1686,plant,plant
1687,plant,plant
1688,plant,plant
1689,plant,plant
1690,plant,plant
1691,plant,plant
1692,plant,plant
1693,plant,plant
1694,plant,plant
1695,plant,plant
1696,plant,plant
1697,plant,plant
1698,plant,plant
1699,plant,plant
1700,plant,plant
1701,plant,plant
1702,plant,plant
1703,plant,plant
1704,plant,plant
1705,plant,plant
1706,plant,plant
1707,plant,plant
1708,plant,plant
1709,stool,plant
1710,plant,plant
1711,plant,plant
1712,plant,plant
1713,plant,plant
1714,plant,plant
1715,plant,plant
1716,plant,plant
1717,plant,plant
1718,plant,plant
1719,plant,plant
1720,plant,plant
1721,plant,plant
1722,plant,plant
1723,plant,plant
1724,plant,plant
1725,person,plant
1726,plant,plant
1727,plant,plant
1728,radio,radio
1729,radio,radio
1730,lamp,radio
1731,radio,radio
1732,radio,radio
1733,radio,radio
1734,monitor,radio
1735,radio,radio
1736,radio,radio
1737,radio,radio
1738,tv_stand,radio
1739,tv_stand,radio
1740,radio,radio
1741,radio,radio
1742,radio,radio
1743,tv_stand,radio
1744,radio,radio
1745,radio,radio
1746,glass_box,radio
1747,radio,radio
1748,range_hood,range_hood
1749,range_hood,range_hood
1750,range_hood,range_hood
1751,range_hood,range_hood
1752,range_hood,range_hood
1753,range_hood,range_hood
1754,range_hood,range_hood
1755,range_hood,range_hood
1756,range_hood,range_hood
1757,range_hood,range_hood
1758,range_hood,range_hood
1759,range_hood,range_hood
1760,range_hood,range_hood
1761,range_hood,range_hood
1762,range_hood,range_hood
1763,range_hood,range_hood
1764,range_hood,range_hood
1765,range_hood,range_hood
1766,range_hood,range_hood
1767,range_hood,range_hood
1768,range_hood,range_hood
1769,range_hood,range_hood
1770,range_hood,range_hood
1771,range_hood,range_hood
1772,range_hood,range_hood
1773,range_hood,range_hood
1774,range_hood,range_hood
1775,range_hood,range_hood
1776,tent,range_hood
1777,range_hood,range_hood
1778,range_hood,range_hood
1779,range_hood,range_hood
1780,range_hood,range_hood
1781,range_hood,range_hood
1782,range_hood,range_hood
1783,range_hood,range_hood
1784,range_hood,range_hood
1785,range_hood,range_hood
1786,range_hood,range_hood
1787,range_hood,range_hood
1788,range_hood,range_hood
1789,mantel,range_hood
1790,range_hood,range_hood
1791,range_hood,range_hood
1792,range_hood,range_hood
1793,range_hood,range_hood
1794,range_hood,range_hood
1795,range_hood,range_hood
1796,range_hood,range_hood
1797,range_hood,range_hood
1798,range_hood,range_hood
1799,range_hood,range_hood
1800,range_hood,range_hood
1801,range_hood,range_hood
1802,range_hood,range_hood
1803,range_hood,range_hood
1804,range_hood,range_hood
1805,range_hood,range_hood
1806,range_hood,range_hood
1807,range_hood,range_hood
1808,range_hood,range_hood
1809,range_hood,range_hood
1810,range_hood,range_hood
1811,range_hood,range_hood
1812,range_hood,range_hood
1813,range_hood,range_hood
1814,range_hood,range_hood
1815,range_hood,range_hood
1816,range_hood,range_hood
1817,range_hood,range_hood
1818,range_hood,range_hood
1819,range_hood,range_hood
1820,range_hood,range_hood
1821,radio,range_hood
1822,range_hood,range_hood
1823,range_hood,range_hood
1824,range_hood,range_hood
1825,range_hood,range_hood
1826,range_hood,range_hood
1827,range_hood,range_hood
1828,range_hood,range_hood
1829,range_hood,range_hood
1830,range_hood,range_hood
1831,range_hood,range_hood
1832,range_hood,range_hood
1833,range_hood,range_hood
1834,range_hood,range_hood
1835,range_hood,range_hood
1836,range_hood,range_hood
1837,range_hood,range_hood
1838,range_hood,range_hood
1839,range_hood,range_hood
1840,range_hood,range_hood
1841,range_hood,range_hood
1842,range_hood,range_hood
1843,range_hood,range_hood
1844,range_hood,range_hood
1845,range_hood,range_hood
1846,range_hood,range_hood
1847,range_hood,range_hood
1848,sink,sink
1849,sink,sink
1850,sink,sink
1851,sink,sink
1852,sink,sink
1853,desk,sink
1854,sink,sink
1855,sink,sink
1856,sink,sink
1857,sink,sink
1858,sink,sink
1859,sink,sink
1860,sink,sink
1861,sink,sink
1862,sink,sink
1863,sink,sink
1864,tv_stand,sink
1865,sink,sink
1866,sink,sink
1867,toilet,sink
1868,sofa,sofa
1869,sofa,sofa
1870,sofa,sofa
1871,sofa,sofa
1872,sofa,sofa
1873,sofa,sofa
1874,sofa,sofa
1875,sofa,sofa
1876,sofa,sofa
1877,sofa,sofa
1878,sofa,sofa
1879,sofa,sofa
1880,sofa,sofa
1881,sofa,sofa
1882,sofa,sofa
1883,sofa,sofa
1884,sofa,sofa
1885,sofa,sofa
1886,sofa,sofa
1887,sofa,sofa
1888,sofa,sofa
1889,sofa,sofa
1890,sofa,sofa
1891,sofa,sofa
1892,sofa,sofa
1893,sofa,sofa
1894,sofa,sofa
1895,sofa,sofa
1896,sofa,sofa
1897,sofa,sofa
1898,sofa,sofa
1899,sofa,sofa
1900,sofa,sofa
1901,sofa,sofa
1902,sofa,sofa
1903,sofa,sofa
1904,sofa,sofa
1905,sofa,sofa
1906,sofa,sofa
1907,sofa,sofa
1908,sofa,sofa
1909,sofa,sofa
1910,sofa,sofa
1911,sofa,sofa
1912,sofa,sofa
1913,sofa,sofa
1914,sofa,sofa
1915,sofa,sofa
1916,sofa,sofa
1917,sofa,sofa
1918,sofa,sofa
1919,sofa,sofa
1920,sofa,sofa
1921,sofa,sofa
1922,sofa,sofa
1923,tent,sofa
1924,sofa,sofa
1925,sofa,sofa
1926,sofa,sofa
1927,sofa,sofa
1928,sofa,sofa
1929,sofa,sofa
1930,sofa,sofa
1931,sofa,sofa
1932,sofa,sofa
1933,sofa,sofa
1934,sofa,sofa
1935,sofa,sofa
1936,sofa,sofa
1937,sofa,sofa
1938,sofa,sofa
1939,sofa,sofa
1940,sofa,sofa
1941,sofa,sofa
1942,sofa,sofa
1943,sofa,sofa
1944,sofa,sofa
1945,sofa,sofa
1946,sofa,sofa
1947,sofa,sofa
1948,sofa,sofa
1949,sofa,sofa
1950,sofa,sofa
1951,sofa,sofa
1952,sofa,sofa
1953,sofa,sofa
1954,sofa,sofa
1955,sofa,sofa
1956,sofa,sofa
1957,sofa,sofa
1958,sofa,sofa
1959,sofa,sofa
1960,sofa,sofa
1961,sofa,sofa
1962,sofa,sofa
1963,sofa,sofa
1964,sofa,sofa
1965,sofa,sofa
1966,sofa,sofa
1967,sofa,sofa
1968,stairs,stairs
1969,stairs,stairs
1970,stairs,stairs
1971,stairs,stairs
1972,stairs,stairs
1973,stairs,stairs
1974,stairs,stairs
1975,stairs,stairs
1976,stairs,stairs
1977,stairs,stairs
1978,stairs,stairs
1979,stairs,stairs
1980,stairs,stairs
1981,stairs,stairs
1982,curtain,stairs
1983,stairs,stairs
1984,stairs,stairs
1985,stairs,stairs
1986,car,stairs
1987,stairs,stairs
1988,stool,stool
1989,stool,stool
1990,stool,stool
1991,stool,stool
1992,stool,stool
1993,chair,stool
1994,stool,stool
1995,stool,stool
1996,chair,stool
1997,stool,stool
1998,stool,stool
1999,stool,stool
2000,stool,stool
2001,stool,stool
2002,stool,stool
2003,stool,stool
2004,stool,stool
2005,stool,stool
2006,stool,stool
2007,stool,stool
2008,table,table
2009,table,table
2010,table,table
2011,table,table
2012,table,table
2013,desk,table
2014,table,table
2015,desk,table
2016,table,table
2017,table,table
2018,table,table
2019,table,table
2020,table,table
2021,table,table
2022,table,table
2023,table,table
2024,table,table
2025,table,table
2026,desk,table
2027,desk,table
2028,table,table
2029,table,table
2030,table,table
2031,table,table
2032,table,table
2033,bench,table
2034,table,table
2035,desk,table
2036,table,table
2037,table,table
2038,table,table
2039,table,table
2040,table,table
2041,table,table
2042,table,table
2043,table,table
2044,desk,table
2045,desk,table
2046,table,table
2047,table,table
2048,table,table
2049,table,table
2050,desk,table
2051,table,table
2052,table,table
2053,table,table
2054,table,table
2055,table,table
2056,table,table
2057,table,table
2058,table,table
2059,table,table
2060,desk,table
2061,table,table
2062,table,table
2063,table,table
2064,table,table
2065,night_stand,table
2066,desk,table
2067,table,table
2068,table,table
2069,table,table
2070,table,table
2071,table,table
2072,table,table
2073,table,table
2074,table,table
2075,table,table
2076,table,table
2077,table,table
2078,table,table
2079,table,table
2080,bench,table
2081,table,table
2082,desk,table
2083,table,table
2084,table,table
2085,table,table
2086,table,table
2087,table,table
2088,table,table
2089,desk,table
2090,table,table
2091,table,table
2092,table,table
2093,table,table
2094,table,table
2095,table,table
2096,desk,table
2097,table,table
2098,table,table
2099,desk,table
2100,table,table
2101,table,table
2102,bench,table
2103,table,table
2104,table,table
2105,table,table
2106,table,table
2107,table,table
2108,tent,tent
2109,tent,tent
2110,tent,tent
2111,tent,tent
2112,tent,tent
2113,tent,tent
2114,bathtub,tent
2115,tent,tent
2116,tent,tent
2117,tent,tent
2118,tent,tent
2119,tent,tent
2120,tent,tent
2121,tent,tent
2122,tent,tent
2123,tent,tent
2124,tent,tent
2125,tent,tent
2126,tent,tent
2127,tent,tent
2128,toilet,toilet
2129,toilet,toilet
2130,radio,toilet
2131,toilet,toilet
2132,toilet,toilet
2133,toilet,toilet
2134,toilet,toilet
2135,toilet,toilet
2136,toilet,toilet
2137,toilet,toilet
2138,toilet,toilet
2139,toilet,toilet
2140,toilet,toilet
2141,toilet,toilet
2142,toilet,toilet
2143,toilet,toilet
2144,toilet,toilet
2145,toilet,toilet
2146,toilet,toilet
2147,toilet,toilet
2148,toilet,toilet
2149,toilet,toilet
2150,toilet,toilet
2151,toilet,toilet
2152,toilet,toilet
2153,toilet,toilet
2154,toilet,toilet
2155,toilet,toilet
2156,toilet,toilet
2157,toilet,toilet
2158,toilet,toilet
2159,toilet,toilet
2160,toilet,toilet
2161,toilet,toilet
2162,toilet,toilet
2163,toilet,toilet
2164,toilet,toilet
2165,toilet,toilet
2166,toilet,toilet
2167,toilet,toilet
2168,toilet,toilet
2169,toilet,toilet
2170,toilet,toilet
2171,toilet,toilet
2172,toilet,toilet
2173,toilet,toilet
2174,toilet,toilet
2175,toilet,toilet
2176,toilet,toilet
2177,toilet,toilet
2178,toilet,toilet
2179,toilet,toilet
2180,toilet,toilet
2181,toilet,toilet
2182,toilet,toilet
2183,toilet,toilet
2184,toilet,toilet
2185,toilet,toilet
2186,toilet,toilet
2187,toilet,toilet
2188,toilet,toilet
2189,toilet,toilet
2190,toilet,toilet
2191,toilet,toilet
2192,toilet,toilet
2193,toilet,toilet
2194,toilet,toilet
2195,toilet,toilet
2196,toilet,toilet
2197,toilet,toilet
2198,toilet,toilet
2199,toilet,toilet
2200,toilet,toilet
2201,toilet,toilet
2202,toilet,toilet
2203,toilet,toilet
2204,toilet,toilet
2205,toilet,toilet
2206,toilet,toilet
2207,toilet,toilet
2208,toilet,toilet
2209,toilet,toilet
2210,toilet,toilet
2211,toilet,toilet
2212,toilet,toilet
2213,toilet,toilet
2214,toilet,toilet
2215,toilet,toilet
2216,toilet,toilet
2217,toilet,toilet
2218,toilet,toilet
2219,toilet,toilet
2220,toilet,toilet
2221,toilet,toilet
2222,toilet,toilet
2223,toilet,toilet
2224,toilet,toilet
2225,toilet,toilet
2226,toilet,toilet
2227,toilet,toilet
2228,tv_stand,tv_stand
2229,bookshelf,tv_stand
2230,tv_stand,tv_stand
2231,tv_stand,tv_stand
2232,tv_stand,tv_stand
2233,tv_stand,tv_stand
2234,tv_stand,tv_stand
2235,tv_stand,tv_stand
2236,tv_stand,tv_stand
2237,tv_stand,tv_stand
2238,tv_stand,tv_stand
2239,tv_stand,tv_stand
2240,tv_stand,tv_stand
2241,tv_stand,tv_stand
2242,tv_stand,tv_stand
2243,tv_stand,tv_stand
2244,tv_stand,tv_stand
2245,tv_stand,tv_stand
2246,tv_stand,tv_stand
2247,tv_stand,tv_stand
2248,tv_stand,tv_stand
2249,tv_stand,tv_stand
2250,tv_stand,tv_stand
2251,tv_stand,tv_stand
2252,tv_stand,tv_stand
2253,tv_stand,tv_stand
2254,tv_stand,tv_stand
2255,tv_stand,tv_stand
2256,cup,tv_stand
2257,tv_stand,tv_stand
2258,tv_stand,tv_stand
2259,tv_stand,tv_stand
2260,tv_stand,tv_stand
2261,tv_stand,tv_stand
2262,tv_stand,tv_stand
2263,tv_stand,tv_stand
2264,tv_stand,tv_stand
2265,tv_stand,tv_stand
2266,tv_stand,tv_stand
2267,tv_stand,tv_stand
2268,tv_stand,tv_stand
2269,tv_stand,tv_stand
2270,tv_stand,tv_stand
2271,tv_stand,tv_stand
2272,tv_stand,tv_stand
2273,tv_stand,tv_stand
2274,dresser,tv_stand
2275,tv_stand,tv_stand
2276,tv_stand,tv_stand
2277,tv_stand,tv_stand
2278,tv_stand,tv_stand
2279,tv_stand,tv_stand
2280,tv_stand,tv_stand
2281,tv_stand,tv_stand
2282,tv_stand,tv_stand
2283,tv_stand,tv_stand
2284,tv_stand,tv_stand
2285,tv_stand,tv_stand
2286,tv_stand,tv_stand
2287,tv_stand,tv_stand
2288,tv_stand,tv_stand
2289,bookshelf,tv_stand
2290,tv_stand,tv_stand
2291,tv_stand,tv_stand
2292,tv_stand,tv_stand
2293,tv_stand,tv_stand
2294,tv_stand,tv_stand
2295,tv_stand,tv_stand
2296,tv_stand,tv_stand
2297,tv_stand,tv_stand
2298,tv_stand,tv_stand
2299,tv_stand,tv_stand
2300,tv_stand,tv_stand
2301,tv_stand,tv_stand
2302,tv_stand,tv_stand
2303,tv_stand,tv_stand
2304,tv_stand,tv_stand
2305,tv_stand,tv_stand
2306,tv_stand,tv_stand
2307,tv_stand,tv_stand
2308,tv_stand,tv_stand
2309,tv_stand,tv_stand
2310,tv_stand,tv_stand
2311,tv_stand,tv_stand
2312,dresser,tv_stand
2313,tv_stand,tv_stand
2314,tv_stand,tv_stand
2315,tv_stand,tv_stand
2316,tv_stand,tv_stand
2317,tv_stand,tv_stand
2318,tv_stand,tv_stand
2319,tv_stand,tv_stand
2320,tv_stand,tv_stand
2321,bench,tv_stand
2322,tv_stand,tv_stand
2323,tv_stand,tv_stand
2324,tv_stand,tv_stand
2325,tv_stand,tv_stand
2326,tv_stand,tv_stand
2327,tv_stand,tv_stand
2328,vase,vase
2329,vase,vase
2330,vase,vase
2331,vase,vase
2332,cup,vase
2333,flower_pot,vase
2334,vase,vase
2335,vase,vase
2336,vase,vase
2337,bowl,vase
2338,vase,vase
2339,vase,vase
2340,vase,vase
2341,vase,vase
2342,cup,vase
2343,vase,vase
2344,vase,vase
2345,vase,vase
2346,vase,vase
2347,vase,vase
2348,vase,vase
2349,vase,vase
2350,flower_pot,vase
2351,vase,vase
2352,vase,vase
2353,vase,vase
2354,vase,vase
2355,vase,vase
2356,vase,vase
2357,vase,vase
2358,vase,vase
2359,vase,vase
2360,flower_pot,vase
2361,vase,vase
2362,vase,vase
2363,vase,vase
2364,vase,vase
2365,flower_pot,vase
2366,vase,vase
2367,vase,vase
2368,vase,vase
2369,vase,vase
2370,vase,vase
2371,vase,vase
2372,vase,vase
2373,vase,vase
2374,flower_pot,vase
2375,cup,vase
2376,vase,vase
2377,vase,vase
2378,vase,vase
2379,vase,vase
2380,cup,vase
2381,vase,vase
2382,vase,vase
2383,vase,vase
2384,vase,vase
2385,vase,vase
2386,cup,vase
2387,vase,vase
2388,vase,vase
2389,cup,vase
2390,vase,vase
2391,vase,vase
2392,vase,vase
2393,vase,vase
2394,vase,vase
2395,vase,vase
2396,vase,vase
2397,vase,vase
2398,vase,vase
2399,flower_pot,vase
2400,cup,vase
2401,vase,vase
2402,vase,vase
2403,vase,vase
2404,vase,vase
2405,bowl,vase
2406,vase,vase
2407,vase,vase
2408,vase,vase
2409,bottle,vase
2410,vase,vase
2411,cup,vase
2412,vase,vase
2413,vase,vase
2414,vase,vase
2415,vase,vase
2416,vase,vase
2417,vase,vase
2418,vase,vase
2419,lamp,vase
2420,bottle,vase
2421,vase,vase
2422,vase,vase
2423,vase,vase
2424,vase,vase
2425,vase,vase
2426,vase,vase
2427,vase,vase
2428,wardrobe,wardrobe
2429,wardrobe,wardrobe
2430,wardrobe,wardrobe
2431,bookshelf,wardrobe
2432,wardrobe,wardrobe
2433,wardrobe,wardrobe
2434,dresser,wardrobe
2435,bookshelf,wardrobe
2436,dresser,wardrobe
2437,wardrobe,wardrobe
2438,dresser,wardrobe
2439,dresser,wardrobe
2440,wardrobe,wardrobe
2441,wardrobe,wardrobe
2442,wardrobe,wardrobe
2443,wardrobe,wardrobe
2444,wardrobe,wardrobe
2445,wardrobe,wardrobe
2446,wardrobe,wardrobe
2447,wardrobe,wardrobe
2448,xbox,xbox
2449,dresser,xbox
2450,xbox,xbox
2451,xbox,xbox
2452,xbox,xbox
2453,xbox,xbox
2454,xbox,xbox
2455,xbox,xbox
2456,xbox,xbox
2457,xbox,xbox
2458,xbox,xbox
2459,bookshelf,xbox
2460,xbox,xbox
2461,xbox,xbox
2462,vase,xbox
2463,xbox,xbox
2464,xbox,xbox
2465,xbox,xbox
2466,xbox,xbox
2467,xbox,xbox
